headline,subhead,byline,url,article_type,premium,image_url
"Poll: Le Pen begins presidential campaign in strongest position ever amid worried, angry electorate","In France's polarized political landscape, Marine Le Pen of the far-right Rassemblement National is enjoying unprecedented support, and radical left candidate Jean-Luc Mélenchon is building a strong base. Wide open for other candidates, the race is drawing significant interest from voters concerned about the future, Le Monde's first poll shows.",Unknown,https://www.lemonde.fr/en/politics/article/2026/09/13/2027-presidential-election-le-pen-begins-campaign-in-strongest-position-ever-amid-worried-angry-electorate_6757478_5.html,,True,https://img.lemde.fr/2026/09/13/0/0/1801/1200/400/266/75/0/c581100_upload-1-d4128sjzhbut-cevipof-sept2026-lmiappel-1.png
"'When you're that sick, you reflect on the values that matter most': Sweden's Birgitta Ohlsson returns to fight the far right",,Unknown,https://www.lemonde.fr/en/m-le-mag/article/2026/09/13/when-you-re-that-sick-you-reflect-on-the-values-that-matter-most-sweden-s-birgitta-ohlsson-returns-to-fight-the-far-right_6757468_117.html,,True,https://img.lemde.fr/2026/09/08/0/1/1498/999/398/265/75/0/3ff2b47_ftp-1-x4ir0n5fhips-441656-3495799.jpg
Sweden's election too close to call as far right loses ground,,Unknown,https://www.lemonde.fr/en/international/article/2026/09/13/sweden-s-election-too-close-to-call-as-far-right-loses-ground_6757483_4.html,,False,https://img.lemde.fr/2026/09/13/0/0/5623/3749/398/265/75/0/07d4036_ftp-1-m5gpmhd2arrj-2026-09-13t181615z-1924548119-rc2iinay6qpc-rtrmadp-3-sweden-election.JPG
Political scientist Julia Reuschenbach: 'I do not see Chancellor Friedrich Merz resigning',"Following the Alternative for Germany (AfD) victory in Saxony-Anhalt on September 6, pressure is mounting on Chancellor Friedrich Merz's party, the Christian Democratic Union (CDU), to ease its policy of excluding the far right. Doing so would be a strategic mistake, says political scientist Julia Reuschenbach, who argues that the AfD's goal is to destroy the CDU.",Unknown,https://www.lemonde.fr/en/international/article/2026/09/13/political-scientist-julia-reuschenbach-i-do-not-see-chancellor-friedrich-merz-resigning_6757482_4.html,,True,https://img.lemde.fr/2026/09/07/0/47/5260/3507/398/265/75/0/192521d_ftp-1-bvzddt1auutj-2026-09-07t115622z-207611451-rc2benay6exb-rtrmadp-3-germany-election-saxony-anhalt-cdu-reaction.JPG
"US wins fifth straight women's FIBA World Cup title, beating France 97-79","The US team overcame a rocky start and dominated the second half of the game,  extending the Americans' streak to 36 straight World Cup wins.",Unknown,https://www.lemonde.fr/en/sports/article/2026/09/13/us-wins-fifth-straight-women-s-fiba-world-cup-title-beating-france-97-79_6757481_9.html,,False,https://img.lemde.fr/2026/09/13/148/0/5047/3364/398/265/75/0/fddbd15_ftp-1-vue7kuyfasqx-2026-09-13t193446z-701962537-up1em9d1idwt7-rtrmadp-3-basketball-worldcup-usa-fra.JPG
Venice Film Festival: May el-Toukhy's 'Woman Unknown' wins Golden Lion at politically charged edition,"The Danish-Egyptian director paid tribute to 'invisible and voiceless women.' Ilia Khrjanovski dedicated his Silver Lion 'to Ukrainians fighting for freedom,' while Israeli filmmakers Yuval Abraham and Rachel Szor received the Special Jury Prize for their documentary about civilians killed by the Israeli army in Gaza.",Unknown,https://www.lemonde.fr/en/culture/article/2026/09/13/venice-film-festival-may-el-toukhy-s-woman-unknown-wins-golden-lion-at-politically-charged-edition_6757474_30.html,,True,https://img.lemde.fr/2026/09/12/0/0/5295/3530/398/265/75/0/49683cf_ftp-1-btgr1h5rwquy-b8292ba8872f48e19e9f15ecf1fb5630-0-3fe2782380a746d18fc9541444e41358.jpg
Trump seeks to play peacemaker in a divided Libya,"After 15 years of keeping a low profile on Libya, Washington now wants to reconcile the rival authorities in the country's east and west by brokering a power-sharing agreement negotiated among a handful of local warlords. Far from calming the nation, this initiative has triggered a frantic reshuffling of power dynamics and exposed the fragility of alliances on both sides.",Frédéric Bobin,https://www.lemonde.fr/en/le-monde-africa/article/2026/09/13/trump-seeks-to-play-peacemaker-in-a-divided-libya_6757479_124.html,In Depth,True,https://img.lemde.fr/2020/05/27/0/315/3402/2268/664/442/75/0/14427b6_vaABfy1qB7sgOmRJy1zgtQrw.jpg
"Poland, Ukraine slam Russian strikes near border as 'escalation'",,Unknown,https://www.lemonde.fr/en/international/article/2026/09/13/poland-ukraine-slam-russian-strikes-near-border-as-escalation_6757480_4.html,,False,https://img.lemde.fr/2026/09/13/0/0/1999/1333/198/132/95/0/54e1f84_ftp-1-36wflke1j1xu-737b623b19f147bba48d599d4343a243-0-5101bd3de3764de189ccfbdef6a81625.jpg
Le Pen pledges to put French citizens first at presidential campaign launch,,Unknown,https://www.lemonde.fr/en/france/article/2026/09/13/le-pen-pledges-to-put-french-citizens-first-at-presidential-campaign-launch_6757475_7.html,,False,https://img.lemde.fr/2026/09/13/1/0/8192/5461/198/132/95/0/a98c9ed_ftp-1-zbwx0a3u1hm1-df354409a64a4c20b890d34ec0232581-0-7ccdf7ecdcde47c1889263099a041d36.jpg
2027 presidential election: Raphaël Glucksmann touts his 'environmental revolution' candidacy,,Unknown,https://www.lemonde.fr/en/les-decodeurs/article/2026/09/13/2027-presidential-election-raphael-glucksmann-touts-his-environmental-revolution-candidacy_6757473_8.html,,True,https://img.lemde.fr/2026/08/23/0/0/6585/4390/198/132/95/0/4bef334_ftp-1-cztew9mq9ev0-5906047-01-06.jpg
"Céline Dion returns to stage for first Paris show: 'I want to sing for you, to sing about life'",,Unknown,https://www.lemonde.fr/en/culture/article/2026/09/13/celine-dion-returns-to-stage-for-first-paris-show-i-want-to-sing-for-you-to-sing-about-life_6757465_30.html,,True,https://img.lemde.fr/2026/09/12/0/0/7047/4698/198/132/95/0/4616786_ftp-1-iips0d1veika-5071445-01-06.jpg
"In southeast France, the deaths of 64 sheep blamed on wolves raise questions",,Unknown,https://www.lemonde.fr/en/environment/article/2026/09/13/in-southeast-france-the-deaths-of-64-sheep-blamed-on-wolves-raise-questions_6757472_114.html,,True,
France public radio staff strike over commentator from far-right weekly,,Unknown,https://www.lemonde.fr/en/france/article/2026/09/13/france-public-radio-staff-strike-over-commentator-from-far-right-weekly_6757476_7.html,,False,
"Macron, Carney to visit French islands after Trump's map post",,Unknown,https://www.lemonde.fr/en/international/article/2026/09/13/macron-carney-to-visit-french-islands-after-trump-s-map-post_6757469_4.html,,False,
'Ordinary citizens do not want to be sent to a war with no end in sight': Russian men consider exile,,Unknown,https://www.lemonde.fr/en/international/article/2026/09/13/ordinary-citizens-do-not-want-to-be-sent-to-a-war-with-no-end-in-sight-russian-men-consider-exile_6757464_4.html,,True,
France issues discreet apology to lift US block on new ambassador to Washington,,Unknown,https://www.lemonde.fr/en/international/article/2026/09/13/france-issues-discreet-apology-to-lift-us-block-on-new-ambassador-to-washington_6757471_4.html,,True,
2027 presidential election: Mélenchon pressures left-wing rivals at Fête de L'Humanité festival,,Unknown,https://www.lemonde.fr/en/politics/article/2026/09/13/2027-presidential-election-melenchon-pressures-left-wing-rivals-at-fete-de-l-humanite-festival_6757466_5.html,,True,
'Flying taxis' enter critical phase of industrial reality after decade of extravagant promises,,Unknown,https://www.lemonde.fr/en/economy/article/2026/09/13/flying-taxis-enter-a-critical-phase-of-industrial-reality-after-a-decade-of-extravagant-promises_6757461_19.html,,True,
Former Greek prison island of Gyaros becomes biodiversity haven,,Unknown,https://www.lemonde.fr/en/environment/article/2026/09/13/former-greek-prison-island-of-gyaros-becomes-biodiversity-haven_6757459_114.html,,True,
25 French jihadists held in Iraq appeal to EU human rights court for repatriation,"The Islamic State group members had been quietly transferred from Syria to Iraq, where they could face the death penalty. Their lawyers say Paris's refusal to prosecute them in France undermines the rule of law and opens to arbitrary decisions by the authorities.",Soren Seelow,https://www.lemonde.fr/en/france/article/2026/09/12/25-french-jihadists-held-in-iraq-appeal-to-eu-human-rights-court-for-repatriation_6757452_7.html,In Depth,True,https://img.lemde.fr/2026/09/11/0/0/6120/4080/664/442/75/0/4b00830_upload-1-vqyrx3exiib2-ap26043744766520.jpg
2027 presidential election: Bruno Retailleau takes free-market approach to climate change,"Candidates and the climate (2/5). The conservative candidate criticizes what he called 'paralyzing regulations' that he said were preventing climate change. He champions nuclear power, geothermal energy and the construction of large water reservoirs used for agricultural irrigation, despite the limitations of these measures.",William Audureau,https://www.lemonde.fr/en/les-decodeurs/article/2026/09/12/2027-presidential-election-bruno-retailleau-takes-a-free-market-approach-to-climate-change_6757451_8.html,In Depth,True,https://img.lemde.fr/2026/06/22/0/0/6048/4032/664/442/75/0/e9040fd_ftp-1-m9w133qvpk23-5406287-01-06.jpg
The forgotten French prisoner of 9/11,"Zacarias Moussaoui, who was sent to the US by Al-Qaeda to prepare attacks and was convicted of complicity in the September 11 attacks, has spent the past 20 years serving a life sentence without the possibility of parole in a high-security penitentiary in Colorado. His lawyer is requesting his transfer to France.",Christophe Ayad,https://www.lemonde.fr/en/international/article/2026/09/11/the-forgotten-french-prisoner-of-9-11_6757404_4.html,In Depth,True,https://img.lemde.fr/2026/09/09/1127/0/3862/2574/664/442/75/0/94905ac_upload-1-m9rvlsyrelm7-rea11638613.jpg
"Thomas Piketty: 'To solve today's contradictions, we must rethink prosperity while respecting planetary boundaries'",,Unknown,https://www.lemonde.fr/en/opinion/article/2026/09/12/thomas-piketty-to-solve-today-s-contradictions-we-must-rethink-prosperity-while-respecting-planetary-boundaries_6757444_23.html,Column,True,
Space: A test of Europe's power,,Unknown,https://www.lemonde.fr/en/opinion/article/2026/09/09/space-a-test-of-power-for-europe_6757341_23.html,Editorial,False,
The legitimate and imperative sanctioning of Israeli settlements,,Unknown,https://www.lemonde.fr/en/opinion/article/2026/09/11/the-legitimate-and-imperative-sanctioning-of-israeli-settlements_6757424_23.html,Editorial,False,
